generation,best,mean,worst,cache_hits,cache_misses
0,92891.86736425583,53872.72760388542,12117.551942070217,0,0
1,100200.96290261536,63883.120932218575,14581.27058875129,0,0
2,103206.65087683262,74862.44220914977,15157.941806899938,0,0
3,111221.16700463937,85871.42896004979,59593.54239627044,0,0
4,120744.5091222948,93957.38803835637,70035.31792855579,0,0
5,140490.3321206405,102538.1988952382,28604.31415054994,0,0
6,151977.28909906987,106347.79535810059,14816.454340716713,0,0
7,155490.27486363344,119182.00610675478,16377.437887883274,0,0
8,160301.072507295,121642.11155992594,16979.45102367704,0,0
9,163960.76820185225,126814.82775003344,14006.289633439203,0,0
10,169918.80020472527,134834.29197207987,21093.365253521042,0,0
11,180875.72472536296,149361.35072817517,21741.577098564674,0,0
12,184925.21854804675,158354.62683030928,29938.20360150998,0,0
13,184642.62603369853,163951.5179544777,23040.75226003637,0,0
14,193450.8954549976,169982.66732402187,26301.03127028392,0,0
15,193645.12790588874,174893.21989392323,31492.16614700367,0,0
16,195501.69664578486,179112.35995156874,21134.460023316326,0,0
17,199761.0879610374,183258.74191460692,35898.52397778595,0,0
18,201741.00856763273,190080.08367763556,177090.2887997985,0,0
19,206718.89622926465,187034.2890754089,17800.54084278114,0,0
20,207099.44116862272,190892.8463412177,16010.744047355027,0,0
21,211006.51919417232,195506.80253915832,27119.496822119327,0,0
22,213289.51218213758,203008.71081249404,183848.2112467553,0,0
23,217715.42469259675,206939.13589017213,195310.82823943574,0,0
24,219252.74994105403,204239.5983545612,16768.50679026689,0,0
25,224384.65363612634,212676.18557264758,184532.0900702891,0,0
26,225905.69036284377,209141.97257869414,18258.86778474972,0,0
27,227353.5777670664,217738.34613749728,190851.69342546546,0,0
28,232277.90091457547,207261.9092891729,12493.780077834546,0,0
29,235307.35136647004,224044.60298333297,205556.67236889733,0,0
30,236306.12986377836,227661.77756908303,217276.4099244892,0,0
31,237986.01917172922,216420.84673337085,24578.82587858377,0,0
32,238563.6396943234,232719.97188473053,223563.07614509866,0,0
33,241554.2924145621,228627.12528258437,26080.621804842693,0,0
34,246803.64889540552,233801.80106391993,17036.653583189942,0,0
35,247810.07521162802,230858.91156919155,16549.115949661147,0,0
36,252851.13266418994,233070.03976066064,20187.2829031365,0,0
37,254358.42551544815,227920.97964640256,14777.756142468394,0,0
38,254140.34652807208,238260.50425413897,14284.883995030368,0,0
39,255717.5430699701,234657.11865076533,21022.962929181173,0,0
40,259823.86917017156,246138.48063615515,20087.112357983005,0,0
41,260856.62593778473,251418.28321187757,215327.0640227194,0,0
42,263102.724815463,241742.47822811236,11742.539581806132,0,0
43,261996.84723054818,245990.16200744893,16311.26261625211,0,0
44,264082.3893008887,247753.41118159937,14127.402343764199,0,0
45,264027.3492019764,250997.93324320324,11461.359140191964,0,0
46,266729.20126209926,246361.83959585233,11322.175690622886,0,0
47,269814.4184519116,259514.86015506854,225013.16729150165,0,0
48,271463.78883658233,254067.31360906796,17062.709776961245,0,0
49,274466.59976044856,261644.24178503855,35620.717488323186,0,0
50,275366.3881651537,262656.7176289638,26925.631654442903,0,0
51,277362.55718696694,264169.7739106275,20191.395251062146,0,0
52,278021.85583190154,265340.44894957927,14136.176893951071,0,0
53,282583.3145287501,254996.03903401428,14549.196405258464,0,0
54,282798.53061287943,274637.79256616085,261510.60702145213,0,0
55,285888.199143192,254366.51024490767,14568.021503429614,0,0
56,285340.7575374861,263589.554564345,19667.36601959194,0,0
57,289132.99639818224,270678.8285884492,18386.2537659184,0,0
58,289404.16357134236,259888.75895446638,13166.547802693378,0,0
59,291486.01971014036,277203.1694916938,20127.06169356322,0,0
60,294596.56789945846,279569.99129765586,21255.07652987062,0,0
61,295119.665963334,282553.8363060488,32439.808675964465,0,0
62,295277.25148679304,268392.79301488766,13263.43330368539,0,0
63,297354.53876440873,279451.5462471654,16803.843156872947,0,0
64,297354.53876440873,278919.0043712249,15573.290450293407,0,0
65,297354.53876440873,282979.9930797669,29772.15920201449,0,0
66,298766.29550013144,284169.9719059766,22093.594472390898,0,0
67,299090.00525577227,286213.1300070412,18464.7046891204,0,0
68,300683.36329535395,275311.8386973931,10837.222372632643,0,0
69,302978.6955050409,288596.5018141544,21730.856972263653,0,0
70,302978.6955050409,281264.73286853003,16916.40370082786,0,0
71,302768.48391163745,292388.3126416532,26960.97994939671,0,0
72,304184.44223311584,291363.55392203387,14368.784647080267,0,0
73,304958.2037773937,279881.344036522,14363.435387188405,0,0
74,307882.9483615697,294625.08184385323,11109.495131238667,0,0
75,312170.61813939747,290665.1153703533,14583.663550753017,0,0
76,312170.61813939747,298228.01425806055,20839.684709079203,0,0
77,313434.4909978803,296632.8253807567,32167.63981129337,0,0
78,313232.0752029899,295550.16413275053,12645.553300589438,0,0
79,315081.5286694591,302474.18049512303,20465.3501165715,0,0
80,317766.344232392,293760.446405705,14619.024113922025,0,0
81,317750.7899525669,298282.7712513124,18321.69846617697,0,0
82,318013.6176012181,303070.4536083327,23381.715920081308,0,0
83,320811.4420341953,312677.10365750716,279907.25669101236,0,0
84,321150.75376550975,312716.5985955452,261213.09594989652,0,0
85,322494.8474522174,316876.791059526,296916.02077285585,0,0
86,323105.59891390783,305644.87171127804,17217.151657222872,0,0
87,325897.8364319155,317141.53161073703,274692.63723263313,0,0
88,326953.1963765954,313907.79050490685,16334.363178898999,0,0
89,328832.8669221973,308927.00502002775,14895.381661317186,0,0
90,329438.03593489825,309887.5873002704,13538.06852652758,0,0
91,332471.8936196748,310286.2052051987,13754.424608081408,0,0
92,332471.8936196748,314039.49428398313,25687.47253269447,0,0
93,332471.8936196748,314425.38771892816,24873.0644026468,0,0
94,332035.605651112,321679.6447716112,19812.507956992064,0,0
95,334037.1972356008,311438.51138873945,20945.625597578568,0,0
96,335551.7658569331,319421.92709914304,17393.89942498557,0,0
97,335551.7658569331,304602.4336553964,17438.70450725404,0,0
98,335587.7409065337,312631.22880640085,14920.939894568102,0,0
99,336159.5667747706,317016.5876578641,15608.860124226972,0,0
